Metric,Value
Precision,0.012024048096192385
Recall,0.06
MAE,0.0587
RMSE,0.24228082879171436
